{
  "homepage_load_time": 0.03250932693481445,
  "api_response_time": 0.0042040348052978516,
  "timestamp": 1753148262.7804933
}